Club,Attendance,League,Year
Manchester United,75335,EPL,2014
Arsenal,59992,EPL,2014
Newcastle United,50359,EPL,2014
Manchester City,45366,EPL,2014
Liverpool,44659,EPL,2014
Sunderland,43157,EPL,2014
Chelsea,41546,EPL,2014
Everton,38406,EPL,2014
Tottenham Hotspur,35728,EPL,2014
West Ham United,34871,EPL,2014
Aston Villa,34133,EPL,2014
Leicester City,31693,EPL,2014
Southampton,30652,EPL,2014
Stoke City,27081,EPL,2014
West Bromwich Albion,25064,EPL,2014
Crystal Palace,24421,EPL,2014
Hull City,23557,EPL,2014
Swansea City,20555,EPL,2014
Burnley,19025,EPL,2014
Queens Park Rangers,17809,EPL,2014
Manchester United,75207,EPL,2013
Arsenal,60013,EPL,2013
Newcastle United,50395,EPL,2013
Manchester City,47080,EPL,2013
Liverpool,44671,EPL,2013
Chelsea,41482,EPL,2013
Sunderland,41090,EPL,2013
Everton,37732,EPL,2013
Aston Villa,36081,EPL,2013
Tottenham Hotspur,35808,EPL,2013
West Ham United,34197,EPL,2013
Southampton,30212,EPL,2013
Cardiff City,27430,EPL,2013
Norwich City,26805,EPL,2013
Stoke City,26137,EPL,2013
West Bromwich Albion,25194,EPL,2013
Fulham,24977,EPL,2013
Hull City,24117,EPL,2013
Crystal Palace,24114,EPL,2013
Swansea City,20407,EPL,2013
Manchester United,75530,EPL,2012
Arsenal,60079,EPL,2012
Newcastle United,50517,EPL,2012
Manchester City,46974,EPL,2012
Liverpool,44749,EPL,2012
Chelsea,41462,EPL,2012
Sunderland,40544,EPL,2012
Everton,36356,EPL,2012
Tottenham Hotspur,36030,EPL,2012
Aston Villa,35060,EPL,2012
West Ham United,34720,EPL,2012
Southampton,30874,EPL,2012
Stoke City,26722,EPL,2012
Norwich City,26566,EPL,2012
Fulham,25394,EPL,2012
West Bromwich Albion,25327,EPL,2012
Reading,23862,EPL,2012
Swansea City,20370,EPL,2012
Wigan Athletic,19359,EPL,2012
Queens Park Rangers,17779,EPL,2012
Manchester United,75387,EPL,2011
Arsenal,60000,EPL,2011
Newcastle United,49936,EPL,2011
Manchester City,47016,EPL,2011
Liverpool,44253,EPL,2011
Chelsea,41478,EPL,2011
Sunderland,39095,EPL,2011
Tottenham Hotspur,36026,EPL,2011
Aston Villa,33836,EPL,2011
Everton,33228,EPL,2011
Stoke City,27227,EPL,2011
Norwich City,26606,EPL,2011
Wolverhampton Wanderers,25672,EPL,2011
Fulham,25293,EPL,2011
West Bromwich Albion,24798,EPL,2011
Bolton Wanderers,23673,EPL,2011
Blackburn Rovers,22551,EPL,2011
Swansea City,19946,EPL,2011
Wigan Athletic,18634,EPL,2011
Queens Park Rangers,17295,EPL,2011
Manchester United,75109,EPL,2010
Arsenal,60025,EPL,2010
Newcastle United,47720,EPL,2010
Manchester City,45896,EPL,2010
Liverpool,42820,EPL,2010
Chelsea,41407,EPL,2010
Sunderland,40011,EPL,2010
Aston Villa,37196,EPL,2010
Everton,36039,EPL,2010
Tottenham Hotspur,35722,EPL,2010
West Ham United,33404,EPL,2010
Wolverhampton Wanderers,27696,EPL,2010
Stoke City,26858,EPL,2010
Birmingham City,25462,EPL,2010
Fulham,25024,EPL,2010
Blackburn Rovers,25005,EPL,2010
West Bromwich Albion,24683,EPL,2010
Bolton Wanderers,22870,EPL,2010
Wigan Athletic,16812,EPL,2010
Blackpool,15780,EPL,2010
Manchester United,74875,EPL,2009
Arsenal,59927,EPL,2009
Manchester City,45494,EPL,2009
Liverpool,42864,EPL,2009
Chelsea,41423,EPL,2009
Sunderland,40355,EPL,2009
Aston Villa,38573,EPL,2009
Everton,36725,EPL,2009
Tottenham Hotspur,35794,EPL,2009
West Ham United,33683,EPL,2009
Wolverhampton Wanderers,28366,EPL,2009
Stoke City,27162,EPL,2009
Blackburn Rovers,25428,EPL,2009
Birmingham City,25246,EPL,2009
Hull City,24388,EPL,2009
Fulham,23909,EPL,2009
Bolton Wanderers,21881,EPL,2009
Burnley,20643,EPL,2009
Portsmouth,18249,EPL,2009
Wigan Athletic,18006,EPL,2009
Manchester United,75304,EPL,2008
Arsenal,60040,EPL,2008
Newcastle United,48750,EPL,2008
Liverpool,43611,EPL,2008
Manchester City,42900,EPL,2008
Chelsea,41588,EPL,2008
Sunderland,40170,EPL,2008
Aston Villa,39812,EPL,2008
Tottenham Hotspur,35929,EPL,2008
Everton,35667,EPL,2008
West Ham United,33700,EPL,2008
Middlesbrough,28429,EPL,2008
Stoke City,26960,EPL,2008
West Bromwich Albion,25828,EPL,2008
Hull City,24816,EPL,2008
Fulham,24340,EPL,2008
Blackburn Rovers,23474,EPL,2008
Bolton Wanderers,22486,EPL,2008
Portsmouth,19830,EPL,2008
Wigan Athletic,18350,EPL,2008
Manchester United,75691,EPL,2007
Arsenal,60066,EPL,2007
Newcastle United,51321,EPL,2007
Liverpool,43513,EPL,2007
Sunderland,43344,EPL,2007
Manchester City,42126,EPL,2007
Chelsea,41397,EPL,2007
Aston Villa,40032,EPL,2007
Everton,36974,EPL,2007
Tottenham Hotspur,35967,EPL,2007
West Ham United,34601,EPL,2007
Derby County,32432,EPL,2007
Middlesbrough,26675,EPL,2007
Birmingham City,26187,EPL,2007
Blackburn Rovers,23944,EPL,2007
Fulham,23775,EPL,2007
Reading,23585,EPL,2007
Bolton Wanderers,20901,EPL,2007
Portsmouth,19914,EPL,2007
Wigan Athletic,19046,EPL,2007
Manchester United,75835,EPL,2006
Arsenal,60045,EPL,2006
Newcastle United,50681,EPL,2006
Liverpool,43561,EPL,2006
Chelsea,41542,EPL,2006
Manchester City,39997,EPL,2006
Everton,36348,EPL,2006
Aston Villa,36214,EPL,2006
Tottenham Hotspur,35739,EPL,2006
West Ham United,34719,EPL,2006
Sheffield United,30526,EPL,2006
Middlesbrough,27735,EPL,2006
Charlton Athletic,26195,EPL,2006
Reading,23829,EPL,2006
Bolton Wanderers,23606,EPL,2006
Fulham,22279,EPL,2006
Blackburn Rovers,21275,EPL,2006
Portsmouth,19862,EPL,2006
Watford,18751,EPL,2006
Wigan Athletic,18159,EPL,2006
Manchester United,68765,EPL,2005
Newcastle United,52032,EPL,2005
Liverpool,44236,EPL,2005
Manchester City,42856,EPL,2005
Chelsea,41902,EPL,2005
Arsenal,38194,EPL,2005
Everton,36860,EPL,2005
Tottenham Hotspur,36074,EPL,2005
Aston Villa,34112,EPL,2005
Sunderland,33904,EPL,2005
West Ham United,33743,EPL,2005
Middlesbrough,28463,EPL,2005
Birmingham City,27397,EPL,2005
Charlton Athletic,26201,EPL,2005
Bolton Wanderers,25455,EPL,2005
West Bromwich Albion,25404,EPL,2005
Blackburn Rovers,21015,EPL,2005
Fulham,20654,EPL,2005
Wigan Athletic,20610,EPL,2005
Portsmouth,19840,EPL,2005
Manchester United,67871,EPL,2004
Newcastle United,51844,EPL,2004
Manchester City,45192,EPL,2004
Liverpool,42588,EPL,2004
Chelsea,41865,EPL,2004
Arsenal,37979,EPL,2004
Aston Villa,37354,EPL,2004
Everton,36925,EPL,2004
Tottenham Hotspur,35873,EPL,2004
Middlesbrough,32012,EPL,2004
Southampton,30610,EPL,2004
Birmingham City,28788,EPL,2004
Charlton Athletic,26403,EPL,2004
Bolton Wanderers,26006,EPL,2004
West Bromwich Albion,25987,EPL,2004
Norwich City,24350,EPL,2004
Crystal Palace,24108,EPL,2004
Blackburn Rovers,22315,EPL,2004
Portsmouth,20072,EPL,2004
Fulham,19838,EPL,2004
Manchester United,67641,EPL,2003
Newcastle United,51966,EPL,2003
Manchester City,46834,EPL,2003
Liverpool,42677,EPL,2003
Chelsea,41234,EPL,2003
Everton,38837,EPL,2003
Arsenal,38074,EPL,2003
Leeds United,36666,EPL,2003
Aston Villa,36622,EPL,2003
Tottenham Hotspur,34876,EPL,2003
Southampton,31717,EPL,2003
Leicester City,30983,EPL,2003
Middlesbrough,30398,EPL,2003
Birmingham City,29059,EPL,2003
Wolverhampton Wanderers,28898,EPL,2003
Bolton Wanderers,26795,EPL,2003
Charlton Athletic,26293,EPL,2003
Blackburn Rovers,24376,EPL,2003
Portsmouth,20108,EPL,2003
Fulham,16342,EPL,2003
Manchester United,67602,EPL,2002
Newcastle United,51923,EPL,2002
Liverpool,43243,EPL,2002
Chelsea,39784,EPL,2002
Sunderland,39698,EPL,2002
Leeds United,39120,EPL,2002
Everton,38481,EPL,2002
Arsenal,38042,EPL,2002
Tottenham Hotspur,35950,EPL,2002
Aston Villa,34975,EPL,2002
Manchester City,34565,EPL,2002
West Ham United,34433,EPL,2002
Middlesbrough,31025,EPL,2002
Southampton,30680,EPL,2002
Birmingham City,28831,EPL,2002
West Bromwich Albion,26730,EPL,2002
Charlton Athletic,26256,EPL,2002
Blackburn Rovers,26226,EPL,2002
Bolton Wanderers,25017,EPL,2002
Fulham,16693,EPL,2002
Manchester United,67586,EPL,2001
Newcastle United,51373,EPL,2001
Sunderland,46739,EPL,2001
Liverpool,43389,EPL,2001
Leeds United,39747,EPL,2001
Chelsea,39030,EPL,2001
Arsenal,38053,EPL,2001
Aston Villa,35013,EPL,2001
Tottenham Hotspur,35001,EPL,2001
Everton,33582,EPL,2001
West Ham United,31570,EPL,2001
Southampton,30633,EPL,2001
Derby County,29818,EPL,2001
Middlesbrough,28459,EPL,2001
Blackburn Rovers,25977,EPL,2001
Bolton Wanderers,25098,EPL,2001
Ipswich Town,24431,EPL,2001
Charlton Athletic,24165,EPL,2001
Leicester City,19835,EPL,2001
Fulham,19545,EPL,2001
Manchester United,67543,EPL,2000
Newcastle United,51308,EPL,2000
Sunderland,46791,EPL,2000
Liverpool,43699,EPL,2000
Leeds United,39016,EPL,2000
Arsenal,37975,EPL,2000
Tottenham Hotspur,35195,EPL,2000
Chelsea,34700,EPL,2000
Everton,34130,EPL,2000
Manchester City,34058,EPL,2000
Aston Villa,31523,EPL,2000
Middlesbrough,30747,EPL,2000
Derby County,28541,EPL,2000
West Ham United,25697,EPL,2000
Ipswich Town,22532,EPL,2000
Coventry City,20535,EPL,2000
Leicester City,20452,EPL,2000
Charlton Athletic,20023,EPL,2000
Bradford City,18511,EPL,2000
Southampton,15115,EPL,2000
Manchester United,58017,EPL,1999
Liverpool,44074,EPL,1999
Sunderland,41375,EPL,1999
Leeds United,39155,EPL,1999
Arsenal,37063,EPL,1999
Newcastle United,36303,EPL,1999
Tottenham Hotspur,34912,EPL,1999
Everton,34880,EPL,1999
Chelsea,34532,EPL,1999
Middlesbrough,33393,EPL,1999
Aston Villa,31697,EPL,1999
Derby County,29351,EPL,1999
West Ham United,25093,EPL,1999
Sheffield Wednesday,24855,EPL,1999
Coventry City,20809,EPL,1999
Leicester City,19827,EPL,1999
Watford,18544,EPL,1999
Bradford City,18025,EPL,1999
Milton Keynes Dons,17157,EPL,1999
Southampton,15131,EPL,1999
Manchester United,55188,EPL,1998
Liverpool,43321,EPL,1998
Arsenal,38024,EPL,1998
Aston Villa,36937,EPL,1998
Newcastle United,36665,EPL,1998
Everton,36203,EPL,1998
Leeds United,35845,EPL,1998
Chelsea,34751,EPL,1998
Middlesbrough,34389,EPL,1998
Tottenham Hotspur,34153,EPL,1998
Derby County,29195,EPL,1998
Sheffield Wednesday,26745,EPL,1998
Blackburn Rovers,25761,EPL,1998
West Ham United,25684,EPL,1998
Nottingham Forest,24415,EPL,1998
Coventry City,20778,EPL,1998
Leicester City,20469,EPL,1998
Charlton Athletic,19823,EPL,1998
Milton Keynes Dons,18235,EPL,1998
Southampton,15140,EPL,1998
Manchester United,55164,EPL,1997
Liverpool,40628,EPL,1997
Arsenal,38053,EPL,1997
Newcastle United,36672,EPL,1997
Aston Villa,36136,EPL,1997
Everton,35355,EPL,1997
Leeds United,34641,EPL,1997
Chelsea,33387,EPL,1997
Tottenham Hotspur,29144,EPL,1997
Derby County,29105,EPL,1997
Sheffield Wednesday,28706,EPL,1997
Blackburn Rovers,25253,EPL,1997
West Ham United,25075,EPL,1997
Bolton Wanderers,24352,EPL,1997
Crystal Palace,21983,EPL,1997
Leicester City,20615,EPL,1997
Coventry City,19722,EPL,1997
Barnsley,18443,EPL,1997
Milton Keynes Dons,16666,EPL,1997
Southampton,15159,EPL,1997
Manchester United,55081,EPL,1996
Liverpool,39777,EPL,1996
Arsenal,37821,EPL,1996
Newcastle United,36467,EPL,1996
Everton,36188,EPL,1996
Aston Villa,36027,EPL,1996
Leeds United,32118,EPL,1996
Tottenham Hotspur,31067,EPL,1996
Middlesbrough,29871,EPL,1996
Chelsea,27617,EPL,1996
Sheffield Wednesday,25714,EPL,1996
Blackburn Rovers,24947,EPL,1996
Nottingham Forest,24587,EPL,1996
West Ham United,23209,EPL,1996
Sunderland,20974,EPL,1996
Leicester City,20184,EPL,1996
Coventry City,19608,EPL,1996
Derby County,17889,EPL,1996
Milton Keynes Dons,15139,EPL,1996
Southampton,15105,EPL,1996
Manchester United,41681,EPL,1995
Liverpool,39553,EPL,1995
Arsenal,37568,EPL,1995
Newcastle United,36506,EPL,1995
Everton,35428,EPL,1995
Leeds United,32629,EPL,1995
Aston Villa,32614,EPL,1995
Tottenham Hotspur,30548,EPL,1995
Middlesbrough,29257,EPL,1995
Manchester City,27941,EPL,1995
Blackburn Rovers,27714,EPL,1995
Nottingham Forest,25916,EPL,1995
Chelsea,25598,EPL,1995
Sheffield Wednesday,24877,EPL,1995
West Ham United,22317,EPL,1995
Bolton Wanderers,18822,EPL,1995
Coventry City,18528,EPL,1995
Queens Park Rangers,15672,EPL,1995
Southampton,14822,EPL,1995
Milton Keynes Dons,13243,EPL,1995
Manchester United,43682,EPL,1994
Arsenal,35353,EPL,1994
Newcastle United,34694,EPL,1994
Liverpool,34176,EPL,1994
Leeds United,32993,EPL,1994
Everton,31369,EPL,1994
Aston Villa,29756,EPL,1994
Tottenham Hotspur,27068,EPL,1994
Sheffield Wednesday,26587,EPL,1994
Blackburn Rovers,25272,EPL,1994
Nottingham Forest,23633,EPL,1994
Manchester City,22674,EPL,1994
Chelsea,21062,EPL,1994
West Ham United,20206,EPL,1994
Leicester City,19532,EPL,1994
Norwich City,18625,EPL,1994
Ipswich Town,16895,EPL,1994
Coventry City,15980,EPL,1994
Crystal Palace,14816,EPL,1994
Southampton,14689,EPL,1994
Queens Park Rangers,14587,EPL,1994
Milton Keynes Dons,10206,EPL,1994
Manchester United,44244,EPL,1993
Liverpool,38503,EPL,1993
Leeds United,34506,EPL,1993
Newcastle United,33792,EPL,1993
Arsenal,30492,EPL,1993
Aston Villa,28970,EPL,1993
Tottenham Hotspur,27255,EPL,1993
Sheffield Wednesday,27187,EPL,1993
Manchester City,26334,EPL,1993
Everton,22912,EPL,1993
West Ham United,20593,EPL,1993
Sheffield United,19456,EPL,1993
Chelsea,19211,EPL,1993
Norwich City,18179,EPL,1993
Blackburn Rovers,17414,EPL,1993
Ipswich Town,16411,EPL,1993
Swindon Town,15035,EPL,1993
Southampton,14764,EPL,1993
Queens Park Rangers,14133,EPL,1993
Coventry City,13564,EPL,1993
Oldham Athletic,12569,EPL,1993
Milton Keynes Dons,10462,EPL,1993
Liverpool,37009,EPL,1992
Manchester United,35132,EPL,1992
Aston Villa,29594,EPL,1992
Leeds United,29228,EPL,1992
Tottenham Hotspur,27878,EPL,1992
Sheffield Wednesday,27264,EPL,1992
Manchester City,24698,EPL,1992
Arsenal,24403,EPL,1992
Nottingham Forest,21910,EPL,1992
Everton,20457,EPL,1992
Sheffield United,18801,EPL,1992
Chelsea,18754,EPL,1992
Ipswich Town,18185,EPL,1992
Middlesbrough,16724,EPL,1992
Norwich City,16453,EPL,1992
Blackburn Rovers,16248,EPL,1992
Crystal Palace,15726,EPL,1992
Southampton,15148,EPL,1992
Queens Park Rangers,15002,EPL,1992
Coventry City,14995,EPL,1992
Oldham Athletic,12859,EPL,1992
Milton Keynes Dons,8405,EPL,1992
Borussia Dortmund,80490,Bundlesliga,2014
Bayern Munich,72882,Bundlesliga,2014
FC Schalke 04,61560,Bundlesliga,2014
Hamburger SV,53250,Bundlesliga,2014
VfB Stuttgart,50709,Bundlesliga,2014
Borussia Monchengladbach,50648,Bundlesliga,2014
Hertha BSC,50185,Bundlesliga,2014
1. FC Koln,48329,Bundlesliga,2014
Eintracht Frankfurt,47618,Bundlesliga,2014
Hannover 96,43459,Bundlesliga,2014
Werder Bremen,40906,Bundlesliga,2014
1. FSV Mainz 05,31008,Bundlesliga,2014
Bayer Leverkusen,30252,Bundlesliga,2014
FC Augsburg,29163,Bundlesliga,2014
VfL Wolfsburg,28199,Bundlesliga,2014
TSG 1899 Hoffenheim,27318,Bundlesliga,2014
SC Freiburg,23850,Bundlesliga,2014
SC Paderborn 07,14859,Bundlesliga,2014
Borussia Dortmund,80297,Bundlesliga,2013
Bayern Munich,66828,Bundlesliga,2013
FC Schalke 04,61585,Bundlesliga,2013
Borussia Monchengladbach,52393,Bundlesliga,2013
Hertha BSC,51889,Bundlesliga,2013
Hamburger SV,51749,Bundlesliga,2013
VfB Stuttgart,50745,Bundlesliga,2013
Eintracht Frankfurt,47053,Bundlesliga,2013
Hannover 96,45665,Bundlesliga,2013
Werder Bremen,40650,Bundlesliga,2013
1. FC Nurnberg,40391,Bundlesliga,2013
1. FSV Mainz 05,31348,Bundlesliga,2013
FC Augsburg,29274,Bundlesliga,2013
Bayer Leverkusen,28327,Bundlesliga,2013
VfL Wolfsburg,28103,Bundlesliga,2013
TSG 1899 Hoffenheim,26907,Bundlesliga,2013
SC Freiburg,23394,Bundlesliga,2013
Eintracht Braunschweig,22780,Bundlesliga,2013
Borussia Dortmund,80546,Bundlesliga,2012
Bayern Munich,71000,Bundlesliga,2012
FC Schalke 04,61037,Bundlesliga,2012
Hamburger SV,53155,Bundlesliga,2012
VfB Stuttgart,50045,Bundlesliga,2012
Borussia Monchengladbach,49540,Bundlesliga,2012
Eintracht Frankfurt,48056,Bundlesliga,2012
Fortuna Dusseldorf,46306,Bundlesliga,2012
Hannover 96,44359,Bundlesliga,2012
1. FC Nurnberg,41518,Bundlesliga,2012
Werder Bremen,40794,Bundlesliga,2012
1. FSV Mainz 05,31152,Bundlesliga,2012
FC Augsburg,29154,Bundlesliga,2012
Bayer Leverkusen,28120,Bundlesliga,2012
VfL Wolfsburg,26321,Bundlesliga,2012
TSG 1899 Hoffenheim,26162,Bundlesliga,2012
SC Freiburg,23276,Bundlesliga,2012
SpVgg Greuther Furth,16843,Bundlesliga,2012
Borussia Dortmund,80521,Bundlesliga,2011
Bayern Munich,69000,Bundlesliga,2011
FC Schalke 04,61041,Bundlesliga,2011
Hamburger SV,53801,Bundlesliga,2011
VfB Stuttgart,53622,Bundlesliga,2011
Hertha BSC,53549,Bundlesliga,2011
Borussia Monchengladbach,51897,Bundlesliga,2011
1. FC Koln,47735,Bundlesliga,2011
Hannover 96,44826,Bundlesliga,2011
1. FC Kaiserslautern,42443,Bundlesliga,2011
1. FC Nurnberg,41224,Bundlesliga,2011
Werder Bremen,40749,Bundlesliga,2011
1. FSV Mainz 05,32912,Bundlesliga,2011
FC Augsburg,29983,Bundlesliga,2011
Bayer Leverkusen,28489,Bundlesliga,2011
TSG 1899 Hoffenheim,27968,Bundlesliga,2011
VfL Wolfsburg,27438,Bundlesliga,2011
SC Freiburg,22471,Bundlesliga,2011
Borussia Dortmund,79251,Bundlesliga,2010
Bayern Munich,68471,Bundlesliga,2010
FC Schalke 04,61401,Bundlesliga,2010
Hamburger SV,54440,Bundlesliga,2010
1. FC Koln,47900,Bundlesliga,2010
Eintracht Frankfurt,47365,Bundlesliga,2010
1. FC Kaiserslautern,46333,Bundlesliga,2010
Borussia Monchengladbach,45308,Bundlesliga,2010
Hannover 96,43942,Bundlesliga,2010
1. FC Nurnberg,42020,Bundlesliga,2010
VfB Stuttgart,39200,Bundlesliga,2010
Werder Bremen,37361,Bundlesliga,2010
TSG 1899 Hoffenheim,29868,Bundlesliga,2010
VfL Wolfsburg,28769,Bundlesliga,2010
Bayer Leverkusen,28621,Bundlesliga,2010
FC St Pauli,24233,Bundlesliga,2010
SC Freiburg,23041,Bundlesliga,2010
1. FSV Mainz 05,20265,Bundlesliga,2010
Borussia Dortmund,77224,Bundlesliga,2009
Bayern Munich,69000,Bundlesliga,2009
FC Schalke 04,61316,Bundlesliga,2009
Hamburger SV,55240,Bundlesliga,2009
1. FC Koln,48618,Bundlesliga,2009
Eintracht Frankfurt,47153,Bundlesliga,2009
Hertha BSC,46689,Bundlesliga,2009
Borussia Monchengladbach,46222,Bundlesliga,2009
1. FC Nurnberg,42344,Bundlesliga,2009
VfB Stuttgart,40359,Bundlesliga,2009
Hannover 96,38286,Bundlesliga,2009
Werder Bremen,36074,Bundlesliga,2009
TSG 1899 Hoffenheim,29704,Bundlesliga,2009
Bayer Leverkusen,29290,Bundlesliga,2009
VfL Wolfsburg,29232,Bundlesliga,2009
VfL Bochum,24853,Bundlesliga,2009
SC Freiburg,22965,Bundlesliga,2009
1. FSV Mainz 05,20085,Bundlesliga,2009
Borussia Dortmund,74694,Bundlesliga,2008
Bayern Munich,68647,Bundlesliga,2008
FC Schalke 04,61390,Bundlesliga,2008
Hamburger SV,54708,Bundlesliga,2008
VfB Stuttgart,53538,Bundlesliga,2008
Hertha BSC,52769,Bundlesliga,2008
Borussia Monchengladbach,47817,Bundlesliga,2008
1. FC Koln,47371,Bundlesliga,2008
Eintracht Frankfurt,46912,Bundlesliga,2008
Hannover 96,41908,Bundlesliga,2008
Werder Bremen,40478,Bundlesliga,2008
Karlsruhe SC,28344,Bundlesliga,2008
TSG 1899 Hoffenheim,28051,Bundlesliga,2008
VfL Wolfsburg,27756,Bundlesliga,2008
VfL Bochum,25607,Bundlesliga,2008
Bayer Leverkusen,24315,Bundlesliga,2008
Arminia Bielefeld,23456,Bundlesliga,2008
Energie Cottbus,20254,Bundlesliga,2008
Borussia Dortmund,72155,Bundlesliga,2007
Bayern Munich,68424,Bundlesliga,2007
FC Schalke 04,61241,Bundlesliga,2007
Hamburger SV,55752,Bundlesliga,2007
VfB Stuttgart,51382,Bundlesliga,2007
Eintracht Frankfurt,48176,Bundlesliga,2007
Hertha BSC,45549,Bundlesliga,2007
1. FC Nurnberg,43408,Bundlesliga,2007
Werder Bremen,39892,Bundlesliga,2007
Hannover 96,39021,Bundlesliga,2007
Karlsruhe SC,28810,Bundlesliga,2007
VfL Bochum,26036,Bundlesliga,2007
MSV Duisburg,25027,Bundlesliga,2007
VfL Wolfsburg,24394,Bundlesliga,2007
Bayer Leverkusen,22206,Bundlesliga,2007
Arminia Bielefeld,21500,Bundlesliga,2007
Hansa Rostock,20441,Bundlesliga,2007
Energie Cottbus,17887,Bundlesliga,2007
Barcelona,77632,La Liga,2014
Real Madrid,73667,La Liga,2014
Atletico Madrid,46867,La Liga,2014
Valencia,41609,La Liga,2014
Athletic Bilbao,40951,La Liga,2014
Sevilla,30649,La Liga,2014
Malaga,22548,La Liga,2014
Elche CF,21689,La Liga,2014
Real Sociedad,21550,La Liga,2014
Deportivo La Coruna,21085,La Liga,2014
Celta Vigo,18828,La Liga,2014
Espanyol,18600,La Liga,2014
Cordoba,16832,La Liga,2014
Granada CF,16740,La Liga,2014
Levante,16357,La Liga,2014
Villarreal,16091,La Liga,2014
UD Almeria,11091,La Liga,2014
Rayo Vallecano,10411,La Liga,2014
Getafe,7507,La Liga,2014
Eibar,4835,La Liga,2014
Barcelona,73458,La Liga,2013
Real Madrid,72068,La Liga,2013
Atletico Madrid,47061,La Liga,2013
Valencia,33978,La Liga,2013
Athletic Bilbao,32346,La Liga,2013
Sevilla,31270,La Liga,2013
Real Betis,29586,La Liga,2013
Real Sociedad,23986,La Liga,2013
Elche CF,23470,La Liga,2013
Malaga,21917,La Liga,2013
Espanyol,20288,La Liga,2013
Celta Vigo,19320,La Liga,2013
Villarreal,17857,La Liga,2013
Real Valladolid,16480,La Liga,2013
Granada CF,15689,La Liga,2013
Levante,15508,La Liga,2013
Osasuna,15068,La Liga,2013
UD Almeria,11755,La Liga,2013
Rayo Vallecano,11114,La Liga,2013
Getafe,7232,La Liga,2013
Barcelona,76513,La Liga,2012
Real Madrid,72714,La Liga,2012
Atletico Madrid,44912,La Liga,2012
Valencia,37435,La Liga,2012
Real Betis,35730,La Liga,2012
Athletic Bilbao,32750,La Liga,2012
Sevilla,28969,La Liga,2012
Deportivo La Coruna,25147,La Liga,2012
Real Zaragoza,23235,La Liga,2012
Espanyol,21859,La Liga,2012
Malaga,22765,La Liga,2012
Real Sociedad,21804,La Liga,2012
Celta Vigo,20767,La Liga,2012
Real Valladolid,17032,La Liga,2012
Osasuna,16577,La Liga,2012
Granada CF,15611,La Liga,2012
RCD Mallorca,14588,La Liga,2012
Levante,15835,La Liga,2012
Rayo Vallecano,11217,La Liga,2012
Getafe,8900,La Liga,2012
Real Madrid,73582,La Liga,2011
Barcelona,78469,La Liga,2011
Atletico Madrid,39313,La Liga,2011
Real Betis,32701,La Liga,2011
Valencia,38900,La Liga,2011
Athletic Bilbao,34406,La Liga,2011
Sevilla,34200,La Liga,2011
Malaga,24446,La Liga,2011
Espanyol,23138,La Liga,2011
Real Sociedad,23037,La Liga,2011
Real Zaragoza,23655,La Liga,2011
Sporting Gijon,20552,La Liga,2011
Granada CF,17906,La Liga,2011
Villarreal,16794,La Liga,2011
Osasuna,16240,La Liga,2011
Racing Santander,15210,La Liga,2011
Levante,13969,La Liga,2011
RCD Mallorca,13474,La Liga,2011
Rayo Vallecano,11738,La Liga,2011
Getafe,10375,La Liga,2011
Barcelona,81263,La Liga,2010
Real Madrid,70526,La Liga,2010
Valencia,42015,La Liga,2010
Atletico Madrid,39672,La Liga,2010
Sevilla,34658,La Liga,2010
Athletic Bilbao,34427,La Liga,2010
Espanyol,24622,La Liga,2010
Real Zaragoza,24079,La Liga,2010
Real Sociedad,23640,La Liga,2010
Malaga,21464,La Liga,2010
Sporting Gijon,20895,La Liga,2010
Deportivo La Coruna,19526,La Liga,2010
Hercules,18632,La Liga,2010
Villarreal,17640,La Liga,2010
Racing Santander,16914,La Liga,2010
Osasuna,16339,La Liga,2010
Levante,14364,La Liga,2010
RCD Mallorca,13672,La Liga,2010
UD Almeria,11789,La Liga,2010
Getafe,10737,La Liga,2010
Barcelona,81263,La Liga,2009
Real Madrid,70526,La Liga,2009
Valencia,42015,La Liga,2009
Atletico Madrid,39672,La Liga,2009
Sevilla,34658,La Liga,2009
Athletic Bilbao,34427,La Liga,2009
Espanyol,24622,La Liga,2009
Real Zaragoza,24079,La Liga,2009
Real Sociedad,23640,La Liga,2009
Malaga,21464,La Liga,2009
Sporting Gijon,20895,La Liga,2009
Deportivo La Coruna,19526,La Liga,2009
Hercules,18632,La Liga,2009
Villarreal,17640,La Liga,2009
Racing Santander,16914,La Liga,2009
Osasuna,16339,La Liga,2009
Levante,14364,La Liga,2009
RCD Mallorca,13672,La Liga,2009
UD Almeria,11789,La Liga,2009
Getafe,10737,La Liga,2009
Barcelona,73872,La Liga,2008
Real Madrid,73132,La Liga,2008
Sevilla,41333,La Liga,2008
Atletico Madrid,40676,La Liga,2008
Real Betis,40114,La Liga,2008
Valencia,36833,La Liga,2008
Athletic Bilbao,33588,La Liga,2008
Espanyol,24301,La Liga,2008
Malaga,23123,La Liga,2008
Deportivo La Coruna,20694,La Liga,2008
Villarreal,18456,La Liga,2008
Osasuna,19358,La Liga,2008
Racing Santander,18361,La Liga,2008
Real Valladolid,17144,La Liga,2008
Sporting Gijon,21525,La Liga,2008
Recreativo,16471,La Liga,2008
RCD Mallorca,14421,La Liga,2008
UD Almeria,14107,La Liga,2008
Getafe,11500,La Liga,2008
Numancia,7978,La Liga,2008
Real Madrid,73303,La Liga,2007
Barcelona,74258,La Liga,2007
Sevilla,41126,La Liga,2007
Atletico Madrid,43982,La Liga,2007
Valencia,40409,La Liga,2007
Real Betis,39254,La Liga,2007
Athletic Bilbao,37556,La Liga,2007
Real Murcia,23497,La Liga,2007
Real Zaragoza,29106,La Liga,2007
Racing Santander,19641,La Liga,2007
Villarreal,19667,La Liga,2007
Deportivo La Coruna,18517,La Liga,2007
RCD Mallorca,17288,La Liga,2007
Espanyol,22816,La Liga,2007
Real Valladolid,18483,La Liga,2007
UD Almeria,15615,La Liga,2007
Recreativo,18445,La Liga,2007
Osasuna,16734,La Liga,2007
Levante,12047,La Liga,2007
Getafe,10481,La Liga,2007
AS Roma,40339,Serie A,2014
AC Milan,37786,Serie A,2014
Juventus,38356,Serie A,2014
Internazionale,37892,Serie A,2014
SS Lazio,35143,Serie A,2014
Fiorentina,31005,Serie A,2014
Napoli,31377,Serie A,2014
Sampdoria,21777,Serie A,2014
Hellas Verona,19387,Serie A,2014
Genoa,20021,Serie A,2014
AC Cesena,16891,Serie A,2014
Torino,16449,Serie A,2014
Palermo,17079,Serie A,2014
Atalanta,14716,Serie A,2014
Parma,11891,Serie A,2014
Chievo,11458,Serie A,2014
Sassuolo,12632,Serie A,2014
Cagliari,10757,Serie A,2014
Udinese,10333,Serie A,2014
Empoli,9671,Serie A,2014
Internazionale,50010,Serie A,2013
Napoli,42502,Serie A,2013
AC Milan,41524,Serie A,2013
AS Roma,41352,Serie A,2013
Juventus,37634,Serie A,2013
SS Lazio,30520,Serie A,2013
Fiorentina,29912,Serie A,2013
Hellas Verona,20325,Serie A,2013
Sampdoria,22859,Serie A,2013
Torino,16525,Serie A,2013
Bologna,20254,Serie A,2013
Genoa,20141,Serie A,2013
Atalanta,14035,Serie A,2013
Udinese,13251,Serie A,2013
Sassuolo,14000,Serie A,2013
Parma,12298,Serie A,2013
Catania,13143,Serie A,2013
Livorno,10570,Serie A,2013
Chievo,10458,Serie A,2013
AS Roma,37305,Serie A,2012
AC Milan,46014,Serie A,2012
Internazionale,46044,Serie A,2012
Napoli,37531,Serie A,2012
Juventus,38198,Serie A,2012
Sampdoria,23699,Serie A,2012
Fiorentina,23459,Serie A,2012
Genoa,19790,Serie A,2012
Bologna,19688,Serie A,2012
SS Lazio,28986,Serie A,2012
Atalanta,15629,Serie A,2012
Udinese,17429,Serie A,2012
Palermo,16761,Serie A,2012
Catania,14108,Serie A,2012
Pescara,14100,Serie A,2012
Torino,16354,Serie A,2012
Parma,14653,Serie A,2012
Siena,9445,Serie A,2012
Chievo,9643,Serie A,2012
Cagliari,8306,Serie A,2012
Napoli,44196,Serie A,2011
Internazionale,45216,Serie A,2011
AC Milan,47312,Serie A,2011
AS Roma,38410,Serie A,2011
SS Lazio,33626,Serie A,2011
Juventus,35891,Serie A,2011
Fiorentina,22508,Serie A,2011
Udinese,17115,Serie A,2011
Palermo,20248,Serie A,2011
Bologna,18837,Serie A,2011
Catania,14102,Serie A,2011
AC Cesena,16729,Serie A,2011
Genoa,21190,Serie A,2011
Atalanta,14829,Serie A,2011
Parma,12871,Serie A,2011
Siena,10415,Serie A,2011
Cagliari,9514,Serie A,2011
Novara Calcio,11372,Serie A,2011
Lecce,9426,Serie A,2011
Chievo,9789,Serie A,2011
AC Milan,52660,Serie A,2010
Internazionale,50579,Serie A,2010
Napoli,48000,Serie A,2010
AS Roma,31928,Serie A,2010
SS Lazio,27842,Serie A,2010
Palermo,24472,Serie A,2010
Sampdoria,23551,Serie A,2010
Fiorentina,23261,Serie A,2010
Genoa,23776,Serie A,2010
Juventus,22022,Serie A,2010
Bari,22660,Serie A,2010
Bologna,19364,Serie A,2010
AC Cesena,16406,Serie A,2010
Udinese,16194,Serie A,2010
Parma,14791,Serie A,2010
Chievo,12878,Serie A,2010
Lecce,12818,Serie A,2010
Cagliari,11842,Serie A,2010
Catania,13476,Serie A,2010
Brescia,9526,Serie A,2010
AC Milan,43118,Serie A,2009
Internazionale,50883,Serie A,2009
Napoli,43066,Serie A,2009
AS Roma,41407,Serie A,2009
SS Lazio,29917,Serie A,2009
Fiorentina,27785,Serie A,2009
Genoa,26739,Serie A,2009
Juventus,22906,Serie A,2009
Sampdoria,23675,Serie A,2009
Bologna,23597,Serie A,2009
Palermo,24292,Serie A,2009
Bari,22074,Serie A,2009
Parma,19436,Serie A,2009
Catania,16211,Serie A,2009
Udinese,16431,Serie A,2009
Atalanta,13526,Serie A,2009
Cagliari,13722,Serie A,2009
Chievo,13139,Serie A,2009
Siena,11220,Serie A,2009
Livorno,11274,Serie A,2009
AC Milan,58719,Serie A,2008
Internazionale,54907,Serie A,2008
Sampdoria,36075,Serie A,2008
AS Roma,37856,Serie A,2008
Napoli,37824,Serie A,2008
SS Lazio,33800,Serie A,2008
Fiorentina,29805,Serie A,2008
Genoa,26072,Serie A,2008
Torino,23250,Serie A,2008
Juventus,21536,Serie A,2008
Bologna,22768,Serie A,2008
Palermo,22485,Serie A,2008
Udinese,18732,Serie A,2008
Catania,18703,Serie A,2008
Chievo,16271,Serie A,2008
Reggina,15610,Serie A,2008
Cagliari,13684,Serie A,2008
Lecce,13303,Serie A,2008
Atalanta,13121,Serie A,2008
Siena,10915,Serie A,2008
AC Milan,56950,Serie A,2007
Internazionale,51851,Serie A,2007
AS Roma,38248,Serie A,2007
Napoli,41750,Serie A,2007
Fiorentina,31496,Serie A,2007
Palermo,25022,Serie A,2007
Genoa,24378,Serie A,2007
SS Lazio,20894,Serie A,2007
Sampdoria,21099,Serie A,2007
Juventus,21002,Serie A,2007
Torino,18528,Serie A,2007
Catania,17730,Serie A,2007
Parma,16185,Serie A,2007
Udinese,15698,Serie A,2007
Cagliari,13658,Serie A,2007
Reggina,13480,Serie A,2007
Atalanta,11586,Serie A,2007
Siena,10311,Serie A,2007
Livorno,9808,Serie A,2007
Empoli,8295,Serie A,2007
Colorado Rapids,10213,MLS,1996
Columbus Crew SC,18950,MLS,1996
FC Dallas,16011,MLS,1996
D.C. United,15262,MLS,1996
LA Galaxy,28916,MLS,1996
New England Revolution,19205,MLS,1996
New York Red Bulls,23898,MLS,1996
San Jose Earthquakes,17232,MLS,1996
Sporting Kansas City,12878,MLS,1996
Tampa Bay Mutiny,11679,MLS,1996
Colorado Rapids,11835,MLS,1997
Columbus Crew SC,15043,MLS,1997
FC Dallas,9678,MLS,1997
D.C. United,16698,MLS,1997
LA Galaxy,20626,MLS,1997
New England Revolution,21423,MLS,1997
New York Red Bulls,16899,MLS,1997
San Jose Earthquakes,13597,MLS,1997
Sporting Kansas City,9058,MLS,1997
Tampa Bay Mutiny,11333,MLS,1997
Chicago Fire,17886,MLS,1998
Colorado Rapids,14812,MLS,1998
Columbus Crew SC,12274,MLS,1998
FC Dallas,10947,MLS,1998
D.C. United,16007,MLS,1998
LA Galaxy,21784,MLS,1998
Miami Fusion,10284,MLS,1998
New England Revolution,19187,MLS,1998
New York Red Bulls,16519,MLS,1998
San Jose Earthquakes,13653,MLS,1998
Sporting Kansas City,8072,MLS,1998
Tampa Bay Mutiny,10312,MLS,1998
Chicago Fire,16016,MLS,1999
Colorado Rapids,14029,MLS,1999
Columbus Crew SC,17696,MLS,1999
FC Dallas,12211,MLS,1999
D.C. United,17419,MLS,1999
LA Galaxy,17632,MLS,1999
Miami Fusion,8689,MLS,1999
New England Revolution,16795,MLS,1999
New York Red Bulls,14706,MLS,1999
San Jose Earthquakes,14959,MLS,1999
Sporting Kansas City,8183,MLS,1999
Tampa Bay Mutiny,13106,MLS,1999
Chicago Fire,13387,MLS,2000
Colorado Rapids,12580,MLS,2000
Columbus Crew SC,15451,MLS,2000
FC Dallas,13102,MLS,2000
D.C. United,18580,MLS,2000
LA Galaxy,20400,MLS,2000
Miami Fusion,7460,MLS,2000
New England Revolution,15463,MLS,2000
New York Red Bulls,17621,MLS,2000
San Jose Earthquakes,12460,MLS,2000
Sporting Kansas City,9112,MLS,2000
Tampa Bay Mutiny,9452,MLS,2000
Chicago Fire,16388,MLS,2001
Colorado Rapids,16481,MLS,2001
Columbus Crew SC,17511,MLS,2001
FC Dallas,12574,MLS,2001
D.C. United,21518,MLS,2001
LA Galaxy,17387,MLS,2001
Miami Fusion,11177,MLS,2001
New England Revolution,15654,MLS,2001
New York Red Bulls,20806,MLS,2001
San Jose Earthquakes,9635,MLS,2001
Sporting Kansas City,9112,MLS,2001
Tampa Bay Mutiny,10479,MLS,2001
Chicago Fire,12922,MLS,2002
Colorado Rapids,20690,MLS,2002
Columbus Crew SC,17429,MLS,2002
FC Dallas,13122,MLS,2002
D.C. United,16519,MLS,2002
LA Galaxy,19047,MLS,2002
New England Revolution,16927,MLS,2002
New York Red Bulls,18155,MLS,2002
San Jose Earthquakes,11150,MLS,2002
Sporting Kansas City,12255,MLS,2002
Chicago Fire,14005,MLS,2003
Colorado Rapids,16772,MLS,2003
Columbus Crew SC,16250,MLS,2003
FC Dallas,7906,MLS,2003
D.C. United,15565,MLS,2003
LA Galaxy,21983,MLS,2003
New England Revolution,14641,MLS,2003
New York Red Bulls,15822,MLS,2003
San Jose Earthquakes,10466,MLS,2003
Sporting Kansas City,15573,MLS,2003
Chicago Fire,17153,MLS,2004
Colorado Rapids,14195,MLS,2004
Columbus Crew SC,16872,MLS,2004
FC Dallas,9008,MLS,2004
D.C. United,17232,MLS,2004
LA Galaxy,23809,MLS,2004
New England Revolution,12226,MLS,2004
New York Red Bulls,17195,MLS,2004
San Jose Earthquakes,13001,MLS,2004
Sporting Kansas City,14816,MLS,2004
Chicago Fire,17238,MLS,2005
Chivas USA,17080,MLS,2005
Colorado Rapids,16638,MLS,2005
Columbus Crew SC,12916,MLS,2005
FC Dallas,11189,MLS,2005
D.C. United,16664,MLS,2005
LA Galaxy,24204,MLS,2005
New England Revolution,12525,MLS,2005
New York Red Bulls,15077,MLS,2005
Real Salt Lake,18037,MLS,2005
San Jose Earthquakes,13037,MLS,2005
Sporting Kansas City,9691,MLS,2005
Chicago Fire,14111,MLS,2006
Chivas USA,19840,MLS,2006
Colorado Rapids,12056,MLS,2006
Columbus Crew SC,13294,MLS,2006
FC Dallas,14982,MLS,2006
D.C. United,18251,MLS,2006
Houston Dynamo,18935,MLS,2006
LA Galaxy,20814,MLS,2006
New England Revolution,11786,MLS,2006
New York Red Bulls,14570,MLS,2006
Real Salt Lake,16366,MLS,2006
Sporting Kansas City,11083,MLS,2006
Chicago Fire,16490,MLS,2007
Chivas USA,14305,MLS,2007
Colorado Rapids,14749,MLS,2007
Columbus Crew SC,15230,MLS,2007
FC Dallas,15154,MLS,2007
D.C. United,20967,MLS,2007
Houston Dynamo,15883,MLS,2007
LA Galaxy,24252,MLS,2007
New England Revolution,16787,MLS,2007
New York Red Bulls,16530,MLS,2007
Real Salt Lake,15960,MLS,2007
Sporting Kansas City,11586,MLS,2007
Toronto FC,20130,MLS,2007
Chicago Fire,17034,MLS,2008
Chivas USA,15114,MLS,2008
Colorado Rapids,13659,MLS,2008
Columbus Crew SC,14662,MLS,2008
FC Dallas,13024,MLS,2008
D.C. United,19835,MLS,2008
Houston Dynamo,16939,MLS,2008
LA Galaxy,26009,MLS,2008
New England Revolution,17580,MLS,2008
New York Red Bulls,15928,MLS,2008
Real Salt Lake,16179,MLS,2008
San Jose Earthquakes,13856,MLS,2008
Sporting Kansas City,10686,MLS,2008
Toronto FC,20120,MLS,2008
Chicago Fire,15487,MLS,2009
Chivas USA,15725,MLS,2009
Colorado Rapids,13018,MLS,2009
Columbus Crew SC,14175,MLS,2009
FC Dallas,12440,MLS,2009
D.C. United,15585,MLS,2009
Houston Dynamo,17624,MLS,2009
LA Galaxy,20827,MLS,2009
New England Revolution,12427,MLS,2009
New York Red Bulls,12744,MLS,2009
Real Salt Lake,17831,MLS,2009
San Jose Earthquakes,10329,MLS,2009
Seattle Sounders FC,31203,MLS,2009
Sporting Kansas City,10053,MLS,2009
Toronto FC,20344,MLS,2009
Chicago Fire,15814,MLS,2010
Chivas USA,14576,MLS,2010
Colorado Rapids,14329,MLS,2010
Columbus Crew SC,14642,MLS,2010
FC Dallas,10815,MLS,2010
D.C. United,14532,MLS,2010
Houston Dynamo,17310,MLS,2010
LA Galaxy,21437,MLS,2010
New England Revolution,12987,MLS,2010
New York Red Bulls,18441,MLS,2010
Philadelphia Union,19254,MLS,2010
Real Salt Lake,17095,MLS,2010
San Jose Earthquakes,9659,MLS,2010
Seattle Sounders FC,36173,MLS,2010
Sporting Kansas City,10287,MLS,2010
Toronto FC,20453,MLS,2010
Chicago Fire,14274,MLS,2011
Chivas USA,14830,MLS,2011
Colorado Rapids,14838,MLS,2011
Columbus Crew SC,12185,MLS,2011
FC Dallas,12861,MLS,2011
D.C. United,15181,MLS,2011
Houston Dynamo,17694,MLS,2011
LA Galaxy,23335,MLS,2011
New England Revolution,13222,MLS,2011
New York Red Bulls,19691,MLS,2011
Philadelphia Union,18259,MLS,2011
Portland Timbers,18827,MLS,2011
Real Salt Lake,17594,MLS,2011
San Jose Earthquakes,11858,MLS,2011
Seattle Sounders FC,38496,MLS,2011
Sporting Kansas City,17810,MLS,2011
Toronto FC,20267,MLS,2011
Vancouver Whitecaps FC,20412,MLS,2011
Chicago Fire,16409,MLS,2012
Chivas USA,13056,MLS,2012
Colorado Rapids,15175,MLS,2012
Columbus Crew SC,14397,MLS,2012
FC Dallas,14199,MLS,2012
D.C. United,13846,MLS,2012
Houston Dynamo,21015,MLS,2012
LA Galaxy,23136,MLS,2012
Montreal Impact,22772,MLS,2012
New England Revolution,14001,MLS,2012
New York Red Bulls,18281,MLS,2012
Philadelphia Union,18053,MLS,2012
Portland Timbers,20438,MLS,2012
Real Salt Lake,19087,MLS,2012
San Jose Earthquakes,13293,MLS,2012
Seattle Sounders FC,43144,MLS,2012
Sporting Kansas City,19404,MLS,2012
Toronto FC,18155,MLS,2012
Vancouver Whitecaps FC,19475,MLS,2012
Chicago Fire,15228,MLS,2013
Chivas USA,8366,MLS,2013
Colorado Rapids,15440,MLS,2013
Columbus Crew SC,16080,MLS,2013
FC Dallas,15373,MLS,2013
D.C. United,13646,MLS,2013
Houston Dynamo,19923,MLS,2013
LA Galaxy,22152,MLS,2013
Montreal Impact,20602,MLS,2013
New England Revolution,14844,MLS,2013
New York Red Bulls,19461,MLS,2013
Philadelphia Union,17867,MLS,2013
Portland Timbers,20674,MLS,2013
Real Salt Lake,19218,MLS,2013
San Jose Earthquakes,12765,MLS,2013
Seattle Sounders FC,44038,MLS,2013
Sporting Kansas City,19708,MLS,2013
Toronto FC,18131,MLS,2013
Vancouver Whitecaps FC,20038,MLS,2013
Chicago Fire,16076,MLS,2014
Chivas USA,7063,MLS,2014
Colorado Rapids,15082,MLS,2014
Columbus Crew SC,16881,MLS,2014
FC Dallas,16816,MLS,2014
D.C. United,17030,MLS,2014
Houston Dynamo,20117,MLS,2014
LA Galaxy,21258,MLS,2014
Montreal Impact,17421,MLS,2014
New England Revolution,16681,MLS,2014
New York Red Bulls,19421,MLS,2014
Philadelphia Union,17631,MLS,2014
Portland Timbers,20806,MLS,2014
Real Salt Lake,20351,MLS,2014
San Jose Earthquakes,14947,MLS,2014
Seattle Sounders FC,43734,MLS,2014
Sporting Kansas City,20003,MLS,2014
Toronto FC,22086,MLS,2014
Vancouver Whitecaps FC,20408,MLS,2014
Chicago Fire,15476,MLS,2015
Colorado Rapids,15819,MLS,2015
Columbus Crew SC,15262,MLS,2015
FC Dallas,15425,MLS,2015
D.C. United,15035,MLS,2015
Houston Dynamo,20875,MLS,2015
LA Galaxy,22282,MLS,2015
Montreal Impact,16355,MLS,2015
New England Revolution,17771,MLS,2015
New York City FC,28961,MLS,2015
New York Red Bulls,19521,MLS,2015
Orlando City SC,32973,MLS,2015
Philadelphia Union,17714,MLS,2015
Portland Timbers,21144,MLS,2015
Real Salt Lake,20122,MLS,2015
San Jose Earthquakes,23627,MLS,2015
Seattle Sounders FC,41324,MLS,2015
Sporting Kansas City,19925,MLS,2015
Toronto FC,24313,MLS,2015
Vancouver Whitecaps FC,20700,MLS,2015
